<?xml version="1.0" encoding="UTF-8"?>
<project-private xmlns="http://www.netbeans.org/ns/project-private/1">
    <editor-bookmarks xmlns="http://www.netbeans.org/ns/editor-bookmarks/2" lastBookmarkId="0"/>
    <open-files xmlns="http://www.netbeans.org/ns/projectui-open-files/2">
        <group>
            <file>file:/C:/Users/Flammino/Documents/college/sdev350/week11/week10/aflammino_week10/src/aflammino_week10/Sort.java</file>
            <file>file:/C:/Users/Flammino/Documents/college/sdev350/week11/week10/aflammino_week10/src/aflammino_week10/Validation.java</file>
            <file>file:/C:/Users/Flammino/Documents/college/sdev350/week11/week10/aflammino_week10/src/aflammino_week10/Aflammino_week10.java</file>
        </group>
    </open-files>
</project-private>
